date,price,signal,cash,position,equity,returns,cum_return
2023-01-02,100.54671415301124,0,100000.0,0.0,100000.0,0.0,0.0
2023-01-03,100.4579672984135,0,100000.0,0.0,100000.0,0.0,0.0
2023-01-04,101.15885102186346,0,100000.0,0.0,100000.0,0.0,0.0
2023-01-05,102.75010995083669,0,100000.0,0.0,100000.0,0.0,0.0
2023-01-06,102.56089215583029,0,100000.0,0.0,100000.0,0.0,0.0
2023-01-09,102.37203964999462,0,100000.0,0.0,100000.0,0.0,0.0
2023-01-10,104.03989803946862,0,100000.0,0.0,100000.0,0.0,0.0
2023-01-11,104.8903562982185,0,100000.0,0.0,100000.0,0.0,0.0
2023-01-12,104.45036812023156,0,100000.0,0.0,100000.0,0.0,0.0
2023-01-13,105.0692992670905,0,100000.0,0.0,100000.0,0.0,0.0
2023-01-16,104.63492419420626,0,100000.0,0.0,100000.0,0.0,0.0
2023-01-17,104.19992568170527,0,100000.0,0.0,100000.0,0.0,0.0
2023-01-18,104.50415015169567,0,100000.0,0.0,100000.0,0.0,0.0
2023-01-19,102.55694496707162,0,100000.0,0.0,100000.0,0.0,0.0
2023-01-20,100.83920040733756,0,100000.0,0.0,100000.0,0.0,0.0
2023-01-23,100.32261375906447,0,100000.0,0.0,100000.0,0.0,0.0
2023-01-24,99.35667641305928,0,100000.0,0.0,100000.0,0.0,0.0
2023-01-25,99.71858045664916,0,100000.0,0.0,100000.0,0.0,0.0
2023-01-26,98.86297102856312,0,100000.0,0.0,100000.0,0.0,0.0
2023-01-27,97.51615711499096,0,100000.0,0.0,100000.0,0.0,0.0
2023-01-30,98.99415954980394,0,100000.0,0.0,100000.0,0.0,0.0
2023-01-31,98.82015127844956,0,100000.0,0.0,100000.0,0.0,0.0
2023-02-01,98.93629282811702,0,100000.0,0.0,100000.0,0.0,0.0
2023-02-02,97.57616793695564,0,100000.0,0.0,100000.0,0.0,0.0
2023-02-03,97.09376821942165,0,100000.0,0.0,100000.0,0.0,0.0
2023-02-06,97.25001402568722,0,100000.0,0.0,100000.0,0.0,0.0
2023-02-07,96.17929761722212,0,100000.0,0.0,100000.0,0.0,0.0
2023-02-08,96.58873098123742,0,100000.0,0.0,100000.0,0.0,0.0
2023-02-09,96.05687605835314,0,100000.0,0.0,100000.0,0.0,0.0
2023-02-10,95.82471259267342,0,100000.0,0.0,100000.0,0.0,0.0
2023-02-13,95.29604131714983,0,100000.0,0.0,100000.0,0.0,0.0
2023-02-14,97.1088371218266,0,100000.0,0.0,100000.0,0.0,0.0
2023-02-15,97.14428454240077,0,100000.0,0.0,100000.0,0.0,0.0
2023-02-16,96.16535097021098,0,100000.0,0.0,100000.0,0.0,0.0
2023-02-17,97.00443684730773,0,100000.0,0.0,100000.0,0.0,0.0
2023-02-20,95.86866655829088,0,100000.0,0.0,100000.0,0.0,0.0
2023-02-21,96.1168356350268,0,100000.0,0.0,100000.0,0.0,0.0
2023-02-22,94.28132114088605,0,100000.0,0.0,100000.0,0.0,0.0
2023-02-23,93.07623044734612,0,100000.0,0.0,100000.0,0.0,0.0
2023-02-24,93.30599958012883,0,100000.0,0.0,100000.0,0.0,0.0
2023-02-27,94.0416862039488,0,100000.0,0.0,100000.0,0.0,0.0
2023-02-28,94.24986466830055,0,100000.0,0.0,100000.0,0.0,0.0
2023-03-01,94.18799125099257,0,100000.0,0.0,100000.0,0.0,0.0
2023-03-02,93.95148172416,0,100000.0,0.0,100000.0,0.0,0.0
2023-03-03,92.60936414745434,0,100000.0,0.0,100000.0,0.0,0.0
2023-03-06,91.98902568528146,0,100000.0,0.0,100000.0,0.0,0.0
2023-03-07,91.61128308078953,0,100000.0,0.0,100000.0,0.0,0.0
2023-03-08,92.62553195750128,0,100000.0,0.0,100000.0,0.0,0.0
2023-03-09,92.99012299209608,0,100000.0,0.0,100000.0,0.0,0.0
2023-03-10,91.39716484472028,0,100000.0,0.0,100000.0,0.0,0.0
2023-03-13,91.73906698688572,0,100000.0,0.0,100000.0,0.0,0.0
2023-03-14,91.4316656291934,0,100000.0,0.0,100000.0,0.0,0.0
2023-03-15,90.8584604021178,0,100000.0,0.0,100000.0,0.0,0.0
2023-03-16,91.45964929100447,0,100000.0,0.0,100000.0,0.0,0.0
2023-03-17,92.44832766311669,0,100000.0,0.0,100000.0,0.0,0.0
2023-03-20,93.35550472293026,0,100000.0,0.0,100000.0,0.0,0.0
2023-03-21,92.61872672076396,0,100000.0,0.0,100000.0,0.0,0.0
2023-03-22,92.37864751874793,0,100000.0,0.0,100000.0,0.0,0.0
2023-03-23,92.7308535201621,0,100000.0,0.0,100000.0,0.0,0.0
2023-03-24,93.6818502697771,0,100000.0,0.0,100000.0,0.0,0.0
2023-03-27,93.27979190288242,0,100000.0,0.0,100000.0,0.0,0.0
2023-03-28,93.15324949175283,1,0.0,1073.499856908946,100000.0,0.0,0.0
2023-03-29,92.16923913794835,0,0.0,1073.499856908946,98943.66502599398,-0.010563349740060235,-0.010563349740060235
2023-03-30,91.11278921358443,0,0.0,1073.499856908946,97809.56618335785,-0.011462066240806701,-0.021904338166421566
2023-03-31,91.89866054805519,0,0.0,1073.499856908946,98653.19894846104,0.00862525822394189,-0.013468010515389595
2023-04-03,93.19097629840236,0,0.0,1073.499856908946,100040.4997215399,0.014062400285708154,0.00040499721539899447
2023-04-04,93.17046485121719,0,0.0,1073.499856908946,100018.48068592163,-0.0002201012158031812,0.00018480685921629103
2023-04-05,94.15204634954368,0,0.0,1073.499856908946,101072.2082839196,0.010535328978920289,0.010722082839196068
2023-04-06,94.53961009063795,0,0.0,1073.499856908946,101488.25790452739,0.0041163602504763475,0.014882579045274014
2023-04-07,93.97698619506191,0,0.0,1073.499856908946,100884.28123313295,-0.005951197546051223,0.008842812331329553
2023-04-10,94.36360338645765,0,0.0,1073.499856908946,101299.31473277482,0.004113956055084245,0.012993147327748256
2023-04-11,95.86213191366953,0,0.0,1073.499856908946,102907.98489231073,0.01588036566465978,0.029079848923107443
2023-04-12,95.87571937475533,0,0.0,1073.499856908946,102922.5710298421,0.00014173960890051518,0.029225710298421248
2023-04-13,97.42377059510588,0,0.0,1073.499856908946,104584.40379337614,0.016146436558140298,0.04584403793376168
2023-04-14,94.92022802001851,0,0.0,1073.499856908946,101896.8511972544,-0.0256974510408976,0.018968511972544233
2023-04-17,95.74783986528374,0,0.0,1073.499856908946,102785.29239472277,0.008719025043752326,0.027852923947227826
2023-04-18,95.87905947272047,0,0.0,1073.499856908946,102926.15662452974,0.0013704706823813861,0.02926156624529752
2023-04-19,95.64031356707586,0,0.0,1073.499856908946,102669.86292898266,-0.0024900735046585742,0.026698629289826803
2023-04-20,95.77589401826953,0,0.0,1073.499856908946,102815.4085239387,0.0014176077653549335,0.02815408523938734
2023-04-21,93.92017006809044,0,0.0,1073.499856908946,100823.28912895896,-0.019375689146008845,0.008232891289589928
2023-04-24,93.7608139424757,0,0.0,1073.499856908946,100652.22035091398,-0.0016967188783751919,0.006522203509140123
2023-04-25,94.14252600318726,0,0.0,1073.499856908946,101061.98819346825,0.004071125715117363,0.010619881934682773
2023-04-26,95.5809240515592,0,0.0,1073.499856908946,102606.10829257363,0.015278940447415179,0.02606108292573661
2023-04-27,95.13334704987498,0,0.0,1073.499856908946,102125.63444530989,-0.004682702182736587,0.021256344453099096
2023-04-28,94.4117666982835,0,0.0,1073.499856908946,101351.01804112813,-0.0075849360289318435,0.013510180411281603
2023-05-01,93.98525489225142,-1,100893.1576783827,0.0,100893.1576783827,-0.004517570435845331,0.008931576783827389
2023-05-02,94.89259053330889,0,100893.1576783827,0.0,100893.1576783827,0.0,0.008931576783827389
2023-05-03,95.25199727293861,0,100893.1576783827,0.0,100893.1576783827,0.0,0.008931576783827389
2023-05-04,94.79501609672978,0,100893.1576783827,0.0,100893.1576783827,0.0,0.008931576783827389
2023-05-05,95.32896555061721,0,100893.1576783827,0.0,100893.1576783827,0.0,0.008931576783827389
2023-05-08,95.46917305696789,0,100893.1576783827,0.0,100893.1576783827,0.0,0.008931576783827389
2023-05-09,96.44166500581586,0,100893.1576783827,0.0,100893.1576783827,0.0,0.008931576783827389
2023-05-10,95.8128141453586,0,100893.1576783827,0.0,100893.1576783827,0.0,0.008931576783827389
2023-05-11,95.54677822888688,1,0.0,1055.9556224563462,100893.1576783827,0.0,0.008931576783827389
2023-05-12,95.21990491051075,0,0.0,1055.9556224563462,100547.99396001248,-0.0034210815313214793,0.005479939600125272
2023-05-15,93.8739573210035,0,0.0,1055.9556224563462,99126.73303534073,-0.014135149481321108,-0.00873266964659225
2023-05-16,94.19887412217443,0,0.0,1055.9556224563462,99469.83075836771,0.003461202770645766,-0.00530169241632239
2023-05-17,94.49188468646557,0,0.0,1055.9556224563462,99779.23691117004,0.0031105527217989426,-0.002207630888299228
2023-05-18,94.5439624303629,0,0.0,1055.9556224563462,99834.22869764327,0.0005511345664246381,-0.0016577130235669868
2023-05-19,94.36944644033342,0,0.0,1055.9556224563462,99649.9475567631,-0.0018458713337514698,-0.0035005244323687013
2023-05-22,93.08095362920217,-1,98289.35632835448,0.0,98289.35632835448,-0.013653707420504091,-0.017106436716454954
2023-05-23,92.73595342819013,0,98289.35632835448,0.0,98289.35632835448,0.0,-0.017106436716454954
2023-05-24,92.46450183046632,0,98289.35632835448,0.0,98289.35632835448,0.0,-0.017106436716454954
2023-05-25,91.7689124010967,0,98289.35632835448,0.0,98289.35632835448,0.0,-0.017106436716454954
2023-05-26,91.66678671384298,0,98289.35632835448,0.0,98289.35632835448,0.0,-0.017106436716454954
2023-05-29,92.08300054433154,0,98289.35632835448,0.0,98289.35632835448,0.0,-0.017106436716454954
2023-05-30,93.86589861828251,0,98289.35632835448,0.0,98289.35632835448,0.0,-0.017106436716454954
2023-05-31,94.07670060039442,0,98289.35632835448,0.0,98289.35632835448,0.0,-0.017106436716454954
2023-06-01,94.36603386067002,0,98289.35632835448,0.0,98289.35632835448,0.0,-0.017106436716454954
2023-06-02,94.34296521952056,0,98289.35632835448,0.0,98289.35632835448,0.0,-0.017106436716454954
2023-06-05,92.57991104183859,0,98289.35632835448,0.0,98289.35632835448,0.0,-0.017106436716454954
2023-06-06,92.60165447505487,0,98289.35632835448,0.0,98289.35632835448,0.0,-0.017106436716454954
2023-06-07,92.7037294731916,0,98289.35632835448,0.0,98289.35632835448,0.0,-0.017106436716454954
2023-06-08,95.03359864215629,0,98289.35632835448,0.0,98289.35632835448,0.0,-0.017106436716454954
2023-06-09,94.8983078942631,1,0.0,1035.7334973545549,98289.35632835448,0.0,-0.017106436716454954
2023-06-12,95.23192037358494,0,0.0,1035.7334973545549,98634.88994832362,0.003515473423336024,-0.013651100516763659
2023-06-13,95.24647964888577,0,0.0,1035.7334973545549,98649.9694774499,0.00015288230294752125,-0.013500305225500941
2023-06-14,94.18097819944794,0,0.0,1035.7334973545549,97546.3939347873,-0.011186780376195249,-0.02453606065212688
2023-06-15,95.30439039434437,0,0.0,1035.7334973545549,98709.94957637813,0.011928228145150266,-0.012900504236218469
2023-06-16,96.06866778251735,0,0.0,1035.7334973545549,99501.53726857954,0.008019330326867635,-0.0049846273142042374
2023-06-19,96.87663596966696,0,0.0,1035.7334973545549,100338.37698480723,0.00841031947043036,0.0033837698480725376
2023-06-20,96.04409031351648,0,0.0,1035.7334973545549,99476.08156065515,-0.008593874547947356,-0.005239184393448282
2023-06-21,97.43941339358159,0,0.0,1035.7334973545549,100921.26441431051,0.01452794310936123,0.00921264414310552
2023-06-22,96.1221776480419,0,0.0,1035.7334973545549,99556.95922874226,-0.013518510627922753,-0.004430407712577078
2023-06-23,96.73433855510876,0,0.0,1035.7334973545549,100190.99478596235,0.006368570938002804,0.0019099478596238395
2023-06-26,98.90162848535678,0,0.0,1035.7334973545549,102435.72956519945,0.022404556258100117,0.024357295651994848
2023-06-27,97.97142274330619,0,0.0,1035.7334973545549,101472.2843187261,-0.00940536325130703,0.014722843187261248
2023-06-28,97.46559851202296,0,0.0,1035.7334973545549,100948.38521861244,-0.005162977296027771,0.009483852186124686
2023-06-29,97.61145711068706,0,0.0,1035.7334973545549,101099.45585512604,0.001496513650876663,0.010994558551260747
2023-06-30,97.16881291706201,0,0.0,1035.7334973545549,100640.99443637909,-0.004534756541162088,0.006409944363791054
2023-07-03,95.7106360752146,0,0.0,1035.7334973545549,99130.71183621103,-0.015006634310661404,-0.008692881637889394
2023-07-04,95.82411345255115,0,0.0,1035.7334973545549,99248.24415711044,0.0011856297480603573,-0.007517558428895232
2023-07-05,94.85408239342587,0,0.0,1035.7334973545549,98243.55049570008,-0.010123037137260815,-0.01756449504299884
2023-07-06,95.35073118898629,0,0.0,1035.7334973545549,98757.9462896828,0.005235924306351558,-0.012420537103171703
2023-07-07,94.5217288245101,0,0.0,1035.7334973545549,97899.32077140869,-0.008694242342338176,-0.021006792285912956
2023-07-10,96.03401448419082,-1,99465.64568670893,0.0,99465.64568670893,0.015999344050175335,-0.005343543132910522
2023-07-11,95.32984191122283,0,99465.64568670893,0.0,99465.64568670893,0.0,-0.005343543132910522
2023-07-12,95.07048609792268,0,99465.64568670893,0.0,99465.64568670893,0.0,-0.005343543132910522
2023-07-13,95.89143611401529,0,99465.64568670893,0.0,99465.64568670893,0.0,-0.005343543132910522
2023-07-14,94.75908836242883,0,99465.64568670893,0.0,99465.64568670893,0.0,-0.005343543132910522
2023-07-17,95.02200686703068,0,99465.64568670893,0.0,99465.64568670893,0.0,-0.005343543132910522
2023-07-18,96.31159114820034,0,99465.64568670893,0.0,99465.64568670893,0.0,-0.005343543132910522
2023-07-19,94.81155426312796,0,99465.64568670893,0.0,99465.64568670893,0.0,-0.005343543132910522
2023-07-20,95.03401427122999,0,99465.64568670893,0.0,99465.64568670893,0.0,-0.005343543132910522
2023-07-21,95.32850833014011,0,99465.64568670893,0.0,99465.64568670893,0.0,-0.005343543132910522
2023-07-24,96.12147266575437,0,99465.64568670893,0.0,99465.64568670893,0.0,-0.005343543132910522
2023-07-25,94.98055816264171,0,99465.64568670893,0.0,99465.64568670893,0.0,-0.005343543132910522
2023-07-26,93.77387138032007,0,99465.64568670893,0.0,99465.64568670893,0.0,-0.005343543132910522
2023-07-27,94.31020312843226,0,99465.64568670893,0.0,99465.64568670893,0.0,-0.005343543132910522
2023-07-28,94.637445078583,0,99465.64568670893,0.0,99465.64568670893,0.0,-0.005343543132910522
2023-07-31,94.92182383479414,0,99465.64568670893,0.0,99465.64568670893,0.0,-0.005343543132910522
2023-08-01,95.29813970580906,0,99465.64568670893,0.0,99465.64568670893,0.0,-0.005343543132910522
2023-08-02,94.69773786645806,0,99465.64568670893,0.0,99465.64568670893,0.0,-0.005343543132910522
2023-08-03,94.96502573271395,0,99465.64568670893,0.0,99465.64568670893,0.0,-0.005343543132910522
2023-08-04,95.29082459526391,0,99465.64568670893,0.0,99465.64568670893,0.0,-0.005343543132910522
2023-08-07,94.65775865081626,0,99465.64568670893,0.0,99465.64568670893,0.0,-0.005343543132910522
2023-08-08,96.47118786386952,0,99465.64568670893,0.0,99465.64568670893,0.0,-0.005343543132910522
2023-08-09,96.97653570509512,1,0.0,1025.6671365244804,99465.64568670894,2.220446049250313e-16,-0.0053435431329103
2023-08-10,95.86973911162688,0,0.0,1025.6671365244804,98330.44079397133,-0.011413034972026614,-0.01669559206028648
2023-08-11,96.54711021290792,0,0.0,1025.6671365244804,99025.19807178668,0.007065536086338309,-0.00974801928213287
2023-08-14,95.654356781635,0,0.0,1025.6671365244804,98109.53021631058,-0.00924681670227312,-0.018904697836893858
2023-08-15,96.45506467506294,0,0.0,1025.6671365244804,98930.78998855536,0.00837084603742455,-0.01069210011444599
2023-08-16,97.62081632245449,0,0.0,1025.6671365244804,100126.46314263415,0.012085955790074099,0.0012646314263418112
2023-08-17,96.86846995202673,0,0.0,1025.6671365244804,99354.80619520292,-0.00770682318351712,-0.006451938047970396
2023-08-18,97.85011190328477,0,0.0,1025.6671365244804,100361.64408444206,0.010133761292443033,0.0036164408444208096
2023-08-21,98.3029435581592,0,0.0,1025.6671365244804,100826.09863122476,0.004627809269365013,0.008260986312247809
2023-08-22,99.16020436503177,0,0.0,1025.6671365244804,101705.36286826442,0.008720601599945033,0.017053628682644595
2023-08-23,101.09064826519554,0,0.0,1025.6671365244804,103685.35573556654,0.019467929826539665,0.03685355735566587
2023-08-24,100.89312915209507,0,0.0,1025.6671365244804,103482.76687242393,-0.001953881160028814,0.0348276687242397
2023-08-25,100.18310771489986,0,0.0,1025.6671365244804,102754.52121806493,-0.007037361643574935,0.027545212180649647
2023-08-28,99.34205606958601,0,0.0,1025.6671365244804,101891.88218534665,-0.008395144296255208,0.018918821853466827
2023-08-29,98.58128438690899,0,0.0,1025.6671365244804,101111.5836720264,-0.007658102849654291,0.011115836720264394
2023-08-30,98.55456717367775,0,0.0,1025.6671365244804,101084.18070443561,-0.00027101709414112385,0.010841807044356333
2023-08-31,98.9400653094496,0,0.0,1025.6671365244804,101479.57347348824,0.003911519748166503,0.014795734734882604
2023-09-01,99.26329339966668,0,0.0,1025.6671365244804,101811.09790322548,0.0032669079933003164,0.018110979032255115
2023-09-04,100.13401438181005,0,0.0,1025.6671365244804,102704.16779969225,0.008771832490360287,0.027041677996922697
2023-09-05,100.19710070528389,0,0.0,1025.6671365244804,102768.87336844351,0.0006300189187791183,0.027688733684435363
2023-09-06,101.70359825871147,0,0.0,1025.6671365244804,104314.03840024871,0.015035340771573091,0.04314038400248732
2023-09-07,101.48528453540027,0,0.0,1025.6671365244804,104090.12118879613,-0.0021465683323794726,0.040901211887961475
2023-09-08,104.29659859622566,0,0.0,1025.6671365244804,106973.59363143392,0.02770169166589609,0.06973593631433928
2023-09-11,105.0012966577699,0,0.0,1025.6671365244804,107696.37927433234,0.006756673477650077,0.07696379274332354
2023-09-12,104.15377075746161,0,0.0,1025.6671365244804,106827.09981103282,-0.008071575564162936,0.06827099811032822
2023-09-13,103.09047272535092,0,0.0,1025.6671365244804,105736.50996316572,-0.010208924980611211,0.05736509963165726
2023-09-14,103.63940105535723,0,0.0,1025.6671365244804,106299.52771156045,0.005324724152431903,0.0629952771156046
2023-09-15,103.45962526359158,0,0.0,1025.6671365244804,106115.13759000377,-0.001734627853258397,0.06115137590003772
2023-09-18,104.25005731179124,0,0.0,1025.6671365244804,106925.85776549789,0.007640004940920875,0.069258577654979
2023-09-19,104.79553283528602,0,0.0,1025.6671365244804,107485.33408372499,0.005232376245735582,0.07485334083725004
2023-09-20,104.77160915462676,0,0.0,1025.6671365244804,107460.79635068806,-0.0002282891265686926,0.07460796350688081
2023-09-21,103.93679555456352,0,0.0,1025.6671365244804,106604.5554759795,-0.007967937180684004,0.06604555475979512
2023-09-22,102.41428028945508,0,0.0,1025.6671365244804,105042.96160370093,-0.014648472246858613,0.05042961603700924
2023-09-25,102.00819235505556,0,0.0,1025.6671365244804,104626.45055484823,-0.003965149520670286,0.04626450554848227
2023-09-26,102.93279338067296,0,0.0,1025.6671365244804,105574.78344122083,0.00906398794323482,0.05574783441220821
2023-09-27,103.20463244864979,0,0.0,1025.6671365244804,105853.5998396681,0.002640937441301894,0.05853599839668089
2023-09-28,101.97057463703412,0,0.0,1025.6671365244804,104587.8672977226,-0.011957387787119633,0.04587867297722603
2023-09-29,102.19815350960482,0,0.0,1025.6671365244804,104821.28746828565,0.002231809258511852,0.04821287468285673
2023-10-02,102.64303983359409,-1,105277.59275029063,0.0,105277.59275029063,0.00435317379728839,0.052775927502906494
2023-10-03,101.78714321319877,0,105277.59275029063,0.0,105277.59275029063,0.0,0.052775927502906494
2023-10-04,101.9945091785488,0,105277.59275029063,0.0,105277.59275029063,0.0,0.052775927502906494
2023-10-05,102.10487612981618,0,105277.59275029063,0.0,105277.59275029063,0.0,0.052775927502906494
2023-10-06,100.98890016108055,0,105277.59275029063,0.0,105277.59275029063,0.0,0.052775927502906494
2023-10-09,101.40072013129218,0,105277.59275029063,0.0,105277.59275029063,0.0,0.052775927502906494
2023-10-10,102.02006003948006,0,105277.59275029063,0.0,105277.59275029063,0.0,0.052775927502906494
2023-10-11,103.17599959804555,0,105277.59275029063,0.0,105277.59275029063,0.0,0.052775927502906494
2023-10-12,104.31485839881631,0,105277.59275029063,0.0,105277.59275029063,0.0,0.052775927502906494
2023-10-13,102.92990197762741,0,105277.59275029063,0.0,105277.59275029063,0.0,0.052775927502906494
2023-10-16,102.01606453430993,0,105277.59275029063,0.0,105277.59275029063,0.0,0.052775927502906494
2023-10-17,102.59249127714713,0,105277.59275029063,0.0,105277.59275029063,0.0,0.052775927502906494
2023-10-18,103.17089332965853,0,105277.59275029063,0.0,105277.59275029063,0.0,0.052775927502906494
2023-10-19,103.75385807535903,1,0.0,1014.6860531569329,105277.59275029063,0.0,0.052775927502906494
2023-10-20,107.80309256723528,0,0.0,1014.6860531569329,109386.29451515946,0.039027314906547206,0.09386294515159466
2023-10-23,108.472431739219,0,0.0,1014.6860531569329,110065.46363780295,0.006208905106931617,0.10065463637802963
2023-10-24,109.75844361898754,0,0.0,1014.6860531569329,111370.3619563982,0.01185565640180597,0.11370361956398223
2023-10-25,110.86042032850487,0,0.0,1014.6860531569329,112488.52235444922,0.01004001763493223,0.12488522354449239
2023-10-26,111.63798561784984,0,0.0,1014.6860531569329,113277.50700896648,0.0070139125130579405,0.13277507008966505
2023-10-27,111.34184437666967,0,0.0,1014.6860531569329,112977.01662177639,-0.0026526924464033153,0.12977016621776416
2023-10-30,112.24256562720645,0,0.0,1014.6860531569329,113890.96591247813,0.008089692204932719,0.1389096591247816
2023-10-31,111.43124806140912,0,0.0,1014.6860531569329,113067.73329378235,-0.007228252145375702,0.1306773329378237
2023-11-01,111.22307375630778,0,0.0,1014.6860531569329,112856.50172977039,-0.001868186067400135,0.1285650172977042
2023-11-02,110.73884903639772,0,0.0,1014.6860531569329,112365.16565988383,-0.004353635478291151,0.12365165659883859
2023-11-03,110.88488494053077,0,0.0,1014.6860531569329,112513.3462550678,0.001318741393863121,0.12513346255067836
2023-11-06,113.5069338714231,0,0.0,1014.6860531569329,115173.90273593928,0.023646585666735165,0.15173902735939326
2023-11-07,111.4442118709996,0,0.0,1014.6860531569329,113080.88749056958,-0.018172651925917438,0.13080887490569637
2023-11-08,112.2647312374824,0,0.0,1014.6860531569329,113913.45704808485,0.0073626019037451584,0.13913457048084887
2023-11-09,110.51035246468584,0,0.0,1014.6860531569329,112133.3133753736,-0.015627158711896683,0.12133313375373644
2023-11-10,110.0440740726411,0,0.0,1014.6860531569329,111660.18719407736,-0.004219318657894489,0.11660187194077398
2023-11-13,111.29742171121863,0,0.0,1014.6860531569329,112931.94156269917,0.011389505969673586,0.12931941562699212
2023-11-14,111.42461242600297,0,0.0,1014.6860531569329,113061.00020708189,0.0011428001909545848,0.1306100020708194
2023-11-15,110.27945179046674,0,0.0,1014.6860531569329,111899.02168157895,-0.01027744777929318,0.11899021681578992
2023-11-16,109.5457585071532,0,0.0,1014.6860531569329,111154.55333970577,-0.0066530370925997895,0.11154553339705808
2023-11-17,110.3450018952748,0,0.0,1014.6860531569329,111965.53445871067,0.00729597748934685,0.11965534458710714
2023-11-20,109.59425132261171,-1,111203.75832322985,0.0,111203.75832322985,-0.006803666317171331,0.11203758323229907
2023-11-21,109.88627461894886,0,111203.75832322985,0.0,111203.75832322985,0.0,0.11203758323229907
2023-11-22,109.99129495340394,0,111203.75832322985,0.0,111203.75832322985,0.0,0.11203758323229907
2023-11-23,109.32958694062813,0,111203.75832322985,0.0,111203.75832322985,0.0,0.11203758323229907
2023-11-24,111.72821695119583,0,111203.75832322985,0.0,111203.75832322985,0.0,0.11203758323229907
2023-11-27,112.49234748022181,0,111203.75832322985,0.0,111203.75832322985,0.0,0.11203758323229907
2023-11-28,110.2704632184091,0,111203.75832322985,0.0,111203.75832322985,0.0,0.11203758323229907
2023-11-29,110.53120248660527,0,111203.75832322985,0.0,111203.75832322985,0.0,0.11203758323229907
2023-11-30,109.85498755044647,0,111203.75832322985,0.0,111203.75832322985,0.0,0.11203758323229907
2023-12-01,110.84635557803794,0,111203.75832322985,0.0,111203.75832322985,0.0,0.11203758323229907
2023-12-04,110.02329840007417,0,111203.75832322985,0.0,111203.75832322985,0.0,0.11203758323229907
2023-12-05,109.95207323190546,0,111203.75832322985,0.0,111203.75832322985,0.0,0.11203758323229907
2023-12-06,110.56229325131781,1,0.0,1005.8018430429435,111203.75832322985,0.0,0.11203758323229907
2023-12-07,111.57477319456038,0,0.0,1005.8018430429435,112222.11251618723,0.009157551941701314,0.12222112516187278
2023-12-08,110.29133258732271,0,0.0,1005.8018430429435,110931.22558799143,-0.011502964070557842,0.10931225587991467
2023-12-11,109.97755238308633,-1,110615.62488026009,0.0,110615.62488026009,-0.0028450123584093934,0.10615624880260133
2023-12-12,109.51020793090483,0,110615.62488026009,0.0,110615.62488026009,0.0,0.10615624880260133
2023-12-13,108.84950083380542,0,110615.62488026009,0.0,110615.62488026009,0.0,0.10615624880260133
2023-12-14,110.82561371221755,0,110615.62488026009,0.0,110615.62488026009,0.0,0.10615624880260133
2023-12-15,111.32984998566839,0,110615.62488026009,0.0,110615.62488026009,0.0,0.10615624880260133
2023-12-18,109.98177469580665,0,110615.62488026009,0.0,110615.62488026009,0.0,0.10615624880260133
2023-12-19,111.0462464417829,0,110615.62488026009,0.0,110615.62488026009,0.0,0.10615624880260133
2023-12-20,113.458344365418,1,0.0,974.9448178443157,110615.62488026009,0.0,0.10615624880260133
2023-12-21,114.68649152837014,0,0.0,974.9448178443157,111813.00059233049,0.010824652605511575,0.11813000592330525
2023-12-22,113.00132266684588,0,0.0,974.9448178443157,110170.0539435948,-0.01469369965954015,0.10170053943594826
2023-12-25,112.51063242103692,0,0.0,974.9448178443157,109691.6580312766,-0.004342340728662353,0.09691658031276629
2023-12-26,113.99229748340993,0,0.0,974.9448178443157,111136.19970561814,0.01316911149186617,0.11136199705618166
2023-12-27,113.24260494970422,0,0.0,974.9448178443157,110405.29085490518,-0.00657669465618782,0.10405290854905203
2023-12-28,113.80181893388475,0,0.0,974.9448178443157,110950.49363084807,0.00493819428146236,0.1095049363084808
2023-12-29,114.74026748623555,0,0.0,974.9448178443157,111865.42918377598,0.008246340534293406,0.11865429183776
2024-01-01,113.73407511747855,0,0.0,974.9448178443157,110884.44714810186,-0.008769304715780746,0.10884447148101883
2024-01-02,113.72324154186002,0,0.0,974.9448178443157,110873.88500969384,-9.525356061801382e-05,0.10873885009693862
2024-01-03,110.09402887646678,0,0.0,974.9448178443157,107335.60292871374,-0.031912673400690816,0.07335602928713758
2024-01-04,109.02128626524747,0,0.0,974.9448178443157,106289.7380790247,-0.009743876413342956,0.06289738079024709
2024-01-05,108.8004438610349,0,0.0,974.9448178443157,106074.42892147737,-0.0020256815139316764,0.06074428921477382
2024-01-08,107.49725044256434,0,0.0,974.9448178443157,104803.88725149067,-0.011977831819648399,0.048038872514906794
2024-01-09,109.30579633542573,-1,106567.1196975695,0.0,106567.1196975695,0.016824113039316302,0.06567119697569512
2024-01-10,107.79722181169113,0,106567.1196975695,0.0,106567.1196975695,0.0,0.06567119697569512
2024-01-11,107.37676469120213,0,106567.1196975695,0.0,106567.1196975695,0.0,0.06567119697569512
2024-01-12,107.57083807557612,0,106567.1196975695,0.0,106567.1196975695,0.0,0.06567119697569512
2024-01-15,109.17501325062176,0,106567.1196975695,0.0,106567.1196975695,0.0,0.06567119697569512
2024-01-16,107.66199806343626,0,106567.1196975695,0.0,106567.1196975695,0.0,0.06567119697569512
2024-01-17,108.96811439878763,0,106567.1196975695,0.0,106567.1196975695,0.0,0.06567119697569512
2024-01-18,109.03374922962537,0,106567.1196975695,0.0,106567.1196975695,0.0,0.06567119697569512
2024-01-19,108.01809042298946,0,106567.1196975695,0.0,106567.1196975695,0.0,0.06567119697569512
2024-01-22,108.57125481687844,0,106567.1196975695,0.0,106567.1196975695,0.0,0.06567119697569512
2024-01-23,108.84166205360566,0,106567.1196975695,0.0,106567.1196975695,0.0,0.06567119697569512
2024-01-24,108.24279685960659,0,106567.1196975695,0.0,106567.1196975695,0.0,0.06567119697569512
2024-01-25,108.3724739870959,0,106567.1196975695,0.0,106567.1196975695,0.0,0.06567119697569512
2024-01-26,108.0090863465617,0,106567.1196975695,0.0,106567.1196975695,0.0,0.06567119697569512
2024-01-29,108.18569993718572,0,106567.1196975695,0.0,106567.1196975695,0.0,0.06567119697569512
2024-01-30,108.95612349188373,1,0.0,978.0737078582629,106567.1196975695,0.0,0.06567119697569512
2024-01-31,110.73866399443104,0,0.0,978.0737078582629,108310.57569630348,0.01636016816145336,0.08310575696303468
2024-02-01,109.42329298031139,0,0.0,978.0737078582629,107024.04589131419,-0.011878154988268608,0.07024045891314179
2024-02-02,111.8120399857195,0,0.0,978.0737078582629,109360.41653202902,0.021830333746562625,0.09360416532028992
2024-02-05,109.6852768147539,0,0.0,978.0737078582629,107280.2853916663,-0.019020877995225116,0.07280285391666275
2024-02-06,109.57363355150798,0,0.0,978.0737078582629,107171.09005122597,-0.0010178509503556699,0.07171090051225937
2024-02-07,110.27306090823761,0,0.0,978.0737078582629,107855.18155940002,0.006383172064845732,0.07855181559399993
2024-02-08,110.63805577214639,0,0.0,978.0737078582629,108212.1734392925,0.0033099186773504208,0.0821217343929248
2024-02-09,110.00443215800047,0,0.0,978.0737078582629,107592.44284161825,-0.005726995198205853,0.07592442841618241
2024-02-12,109.83049067437949,0,0.0,978.0737078582629,107422.31524978271,-0.0015812225035728433,0.07422315249782696
2024-02-13,109.3439405741516,0,0.0,978.0737078582629,106946.43338919402,-0.004430009346588326,0.06946433389194007
2024-02-14,108.75417789484061,0,0.0,978.0737078582629,106369.60201868389,-0.0053936475694421615,0.06369602018683862
2024-02-15,109.73253275978057,0,0.0,978.0737078582629,107326.50518903688,0.008996020970210239,0.07326505189036858
2024-02-16,110.17916116125454,0,0.0,978.0737078582629,107763.34068570133,0.004070154859650454,0.07763340685701325
2024-02-19,109.47080876217115,0,0.0,978.0737078582629,107070.51982825955,-0.006429095952606323,0.07070519828259547
2024-02-20,110.5103434258125,0,0.0,978.0737078582629,108087.26135117443,0.00949599875433238,0.08087261351174413
2024-02-21,110.90519635339203,0,0.0,978.0737078582629,108473.45661811084,0.0035729952087661943,0.08473456618110808
2024-02-22,111.86215528054942,0,0.0,978.0737078582629,109409.43298426372,0.008628621188389474,0.09409432984263688
2024-02-23,112.62240275103339,0,0.0,978.0737078582629,110153.01104660986,0.006796288419236074,0.10153011046609817
2024-02-26,111.74507985242228,0,0.0,978.0737078582629,109294.92458617632,-0.007789950109220789,0.0929492458617629
2024-02-27,111.17497764166227,0,0.0,978.0737078582629,108737.32260304008,-0.005101810401969553,0.08737322603040054
2024-02-28,112.06136862889646,0,0.0,978.0737078582629,109604.27832253638,0.007972936051232615,0.09604278322536342
2024-02-29,112.80138858635948,0,0.0,978.0737078582629,110328.07238622135,0.006603702654334631,0.1032807238622131
2024-03-01,112.8342119924244,0,0.0,978.0737078582629,110360.17609669581,0.0002909840603584346,0.10360176096695772
2024-03-04,113.02301452682842,0,0.0,978.0737078582629,110544.83889157338,0.001673273833087796,0.10544838891573338
2024-03-05,114.52358141486296,0,0.0,978.0737078582629,112012.50391164266,0.013276648957884163,0.12012503911642614
2024-03-06,113.90335446444996,0,0.0,978.0737078582629,111405.87623853859,-0.0054157138883582645,0.11405876238538548
2024-03-07,114.58346841102203,0,0.0,978.0737078582629,112071.07780802845,0.00597097381170042,0.12071077808028408
2024-03-08,114.40908079119654,0,0.0,978.0737078582629,111900.51386210116,-0.0015219265243389124,0.11900513862101114
2024-03-11,114.21723826792464,0,0.0,978.0737078582629,111712.87773403974,-0.0016768120322723234,0.11712877734039684
2024-03-12,115.52933946212562,0,0.0,978.0737078582629,112996.20941413713,0.011487768519871988,0.12996209414137083
2024-03-13,116.54070218765496,0,0.0,978.0737078582629,113985.39670508525,0.008754163489880451,0.13985396705085207
2024-03-14,117.54704238090817,0,0.0,978.0737078582629,114969.67158926722,0.008635096360006367,0.14969671589267164
2024-03-15,119.14036762881808,0,0.0,978.0737078582629,116528.06112231466,0.0135547880715432,0.16528061122314597
2024-03-18,119.22496186676995,0,0.0,978.0737078582629,116610.80052229168,0.000710038416327663,0.16610800522291624
2024-03-19,120.09763251767905,0,0.0,978.0737078582629,117464.33674156542,0.0073195297129495795,0.17464336741565378
2024-03-20,119.78505830477974,0,0.0,978.0737078582629,117158.61612217412,-0.0026026675659346354,0.17158616122174086
2024-03-21,120.2332536882649,0,0.0,978.0737078582629,117596.98424274441,0.0037416635248845864,0.17596984242744385
2024-03-22,120.13689508639347,0,0.0,978.0737078582629,117502.73842772798,-0.0008014305436769842,0.17502738427727937
2024-03-25,120.31349147463801,0,0.0,978.0737078582629,117675.46271197271,0.0014699596499274659,0.1767546271197269
2024-03-26,121.08970241743506,0,0.0,978.0737078582629,118434.65422687437,0.006451570254368821,0.18434654226874336
2024-03-27,120.15946627819847,0,0.0,978.0737078582629,117524.81471698747,-0.00768220683233467,0.17524814716987458
2024-03-28,122.73374739427413,0,0.0,978.0737078582629,120042.65139325711,0.021423872756854534,0.20042651393257094
2024-03-29,121.56039143621894,0,0.0,978.0737078582629,118895.02278072448,-0.009560173814996964,0.18895022780724458
2024-04-01,120.14519920145827,0,0.0,978.0737078582629,117510.86046433989,-0.011641886127877532,0.1751086046433985
2024-04-02,121.59668641699943,0,0.0,978.0737078582629,118930.5219471531,0.012081108735001012,0.18930521947153078
2024-04-03,122.6201203636664,0,0.0,978.0737078582629,119931.51578211768,0.008416626939629301,0.1993151578211767
2024-04-04,123.44672689473111,0,0.0,978.0737078582629,120739.997896896,0.006741198170521878,0.20739997896896
2024-04-05,124.28412222295526,0,0.0,978.0737078582629,121559.03225051537,0.006783455092642665,0.21559032250515364
2024-04-08,124.33104348993331,0,0.0,978.0737078582629,121604.92470808601,0.0003775322715309226,0.21604924708085993
2024-04-09,123.27764328885091,0,0.0,978.0737078582629,120574.6216675547,-0.008472543714858283,0.20574621667554682
2024-04-10,123.4327321833421,0,0.0,978.0737078582629,120726.31003763733,0.001258045581937317,0.2072631003763732
2024-04-11,122.65860934761488,0,0.0,978.0737078582629,119969.16084535987,-0.006271617115121031,0.19969160845359868
2024-04-12,123.91600695677305,0,0.0,978.0737078582629,121198.98838720132,0.010251197334177231,0.2119898838720129
2024-04-15,123.79573732515881,0,0.0,978.0737078582629,121081.35582266563,-0.0009705738150213028,0.21081355822665593
2024-04-16,122.83570485245359,0,0.0,978.0737078582629,120142.3733024225,-0.007754971967925073,0.20142373302422456
2024-04-17,122.50234614098936,0,0.0,978.0737078582629,119816.32391145383,-0.002713858416529935,0.19816323911453804
2024-04-18,123.06944803350162,0,0.0,978.0737078582629,120370.99136219673,0.00462931454275628,0.2037099136219669
2024-04-19,122.43721006195318,0,0.0,978.0737078582629,119752.61602511555,-0.005137245528039958,0.1975261602511551
2024-04-22,121.49172495409226,0,0.0,978.0737078582629,118827.86189994526,-0.007722203955664253,0.1882786189994523
2024-04-23,121.84853061330337,0,0.0,978.0737078582629,119176.84413403468,0.00293687211491922,0.19176844134034643
2024-04-24,122.20794304599978,-1,119528.37598473243,0.0,119528.37598473243,0.002949665711087235,0.19528375984732382
2024-04-25,121.64952219048966,0,119528.37598473243,0.0,119528.37598473243,0.0,0.19528375984732382
2024-04-26,121.13733110346602,0,119528.37598473243,0.0,119528.37598473243,0.0,0.19528375984732382
2024-04-29,121.47899886996005,0,119528.37598473243,0.0,119528.37598473243,0.0,0.19528375984732382
2024-04-30,119.78062000855144,0,119528.37598473243,0.0,119528.37598473243,0.0,0.19528375984732382
2024-05-01,118.1546414832117,0,119528.37598473243,0.0,119528.37598473243,0.0,0.19528375984732382
2024-05-02,117.36484361007564,0,119528.37598473243,0.0,119528.37598473243,0.0,0.19528375984732382
2024-05-03,117.17301411608392,0,119528.37598473243,0.0,119528.37598473243,0.0,0.19528375984732382
2024-05-06,117.59590038886809,0,119528.37598473243,0.0,119528.37598473243,0.0,0.19528375984732382
2024-05-07,119.38965676632749,0,119528.37598473243,0.0,119528.37598473243,0.0,0.19528375984732382
2024-05-08,120.47330847507493,0,119528.37598473243,0.0,119528.37598473243,0.0,0.19528375984732382
2024-05-09,120.34086189073913,0,119528.37598473243,0.0,119528.37598473243,0.0,0.19528375984732382
2024-05-10,120.37814805319549,0,119528.37598473243,0.0,119528.37598473243,0.0,0.19528375984732382
2024-05-13,119.23151084438162,0,119528.37598473243,0.0,119528.37598473243,0.0,0.19528375984732382
2024-05-14,119.2690531080554,0,119528.37598473243,0.0,119528.37598473243,0.0,0.19528375984732382
2024-05-15,118.98440720925478,0,119528.37598473243,0.0,119528.37598473243,0.0,0.19528375984732382
2024-05-16,119.42788417883192,0,119528.37598473243,0.0,119528.37598473243,0.0,0.19528375984732382
2024-05-17,118.49965370776421,0,119528.37598473243,0.0,119528.37598473243,0.0,0.19528375984732382
2024-05-20,119.17432735553722,0,119528.37598473243,0.0,119528.37598473243,0.0,0.19528375984732382
2024-05-21,121.06054580890238,1,0.0,987.3437723749526,119528.37598473243,0.0,0.19528375984732382
2024-05-22,120.98941045246238,0,0.0,987.3437723749526,119458.14093355573,-0.0005876014845686006,0.1945814093355569
2024-05-23,121.53593380197456,0,0.0,987.3437723749526,119997.74735915408,0.004517117220989464,0.1999774735915405
2024-05-24,122.43547471377987,0,0.0,987.3437723749526,120885.90347642153,0.0074014399171111744,0.2088590347642152
2024-05-27,122.00545626173447,0,0.0,987.3437723749526,120461.32743578819,-0.0035122047188583805,0.20461327435788168
2024-05-28,122.33986404474638,0,0.0,987.3437723749526,120791.50287777871,0.0027409248181040624,0.2079150287777869
2024-05-29,122.41643950276514,0,0.0,987.3437723749526,120867.1091793703,0.0006259240078176909,0.2086710917937027
2024-05-30,122.5972193246052,0,0.0,987.3437723749526,121045.60101063513,0.0014767609854882124,0.21045601010635107
2024-05-31,121.71082943415357,0,0.0,987.3437723749526,120170.42947240159,-0.007230097838554661,0.20170429472401574
2024-06-03,121.80151638525696,0,0.0,987.3437723749526,120259.9686688092,0.0007451017425894602,0.20259968668809192
2024-06-04,122.46898661375923,0,0.0,987.3437723749526,120918.99124216661,0.005479982912454551,0.20918991242166585
2024-06-05,124.30742197784306,0,0.0,987.3437723749526,122734.15894980865,0.015011436077950524,0.22734158949808636
2024-06-06,125.56202052252408,0,0.0,987.3437723749526,123972.87900973014,0.010092708260852179,0.23972879009730108
2024-06-07,128.3283809319734,0,0.0,987.3437723749526,126704.22773214456,0.022031824575115655,0.26704227732144514
2024-06-10,127.4078204188642,0,0.0,987.3437723749526,125795.31804243189,-0.007173475628880599,0.2579531804243185
2024-06-11,128.58292903938343,0,0.0,987.3437723749526,126955.55422076567,0.009223206367207082,0.26955554220765654
2024-06-12,128.88296702504104,0,0.0,987.3437723749526,127251.79485738064,0.002333420057383462,0.2725179485738063
2024-06-13,131.76969150088587,0,0.0,987.3437723749526,130101.98429116838,0.022398029332176606,0.3010198429116837
2024-06-14,130.77048418961687,0,0.0,987.3437723749526,129115.42317507541,-0.007582982853551634,0.29115423175075406
2024-06-17,129.73776111284593,0,0.0,987.3437723749526,128095.77047663773,-0.007897218421807572,0.28095770476637716
2024-06-18,129.0249913949282,0,0.0,987.3437723749526,127392.0217345142,-0.0054939264544404676,0.2739202173451418
2024-06-19,126.3491476150977,0,0.0,987.3437723749526,124750.0440426503,-0.020738957243097933,0.24750044042650288
2024-06-20,125.74803520046804,0,0.0,987.3437723749526,124156.53944356844,-0.004757550216807571,0.24156539443568414
2024-06-21,124.85631481159949,0,0.0,987.3437723749526,123276.1048709193,-0.007091326615537019,0.23276104870919267
2024-06-24,125.1065191085051,0,0.0,987.3437723749526,123523.1425252905,0.002003937864762051,0.23523142525290486
2024-06-25,125.59663137319947,0,0.0,987.3437723749526,124007.05181760108,0.003917559757771638,0.24007051817601055
2024-06-26,128.01583706174753,0,0.0,987.3437723749526,126395.63948828306,0.019261708392158905,0.2639563948828303
2024-06-27,129.29653801236668,0,0.0,987.3437723749526,127660.13159615156,0.010004238381860597,0.27660131596151527
2024-06-28,128.6152698269346,0,0.0,987.3437723749526,126987.48569594801,-0.005269036556624029,0.26987485695947977
2024-07-01,127.52407900812858,-1,125910.10523652718,0.0,125910.10523652718,-0.008484146713483742,0.25910105236527126
2024-07-02,128.21515644056075,0,125910.10523652718,0.0,125910.10523652718,0.0,0.25910105236527126
2024-07-03,126.58652494701927,0,125910.10523652718,0.0,125910.10523652718,0.0,0.25910105236527126
2024-07-04,128.96819821702536,0,125910.10523652718,0.0,125910.10523652718,0.0,0.25910105236527126
2024-07-05,130.55378498887683,0,125910.10523652718,0.0,125910.10523652718,0.0,0.25910105236527126
2024-07-08,130.0065353093023,1,0.0,968.490583469291,125910.10523652718,0.0,0.25910105236527126
2024-07-09,127.84435173049857,0,0.0,968.490583469291,123816.05080072382,-0.016631345290908817,0.23816050800723776
2024-07-10,129.6391232663739,0,0.0,968.490583469291,125554.2701326978,0.014038723741654158,0.25554270132697754
2024-07-11,129.55545437683094,0,0.0,968.490583469291,125473.2376010461,-0.0006453984525262024,0.2547323760104605
2024-07-12,131.2238906513471,0,0.0,968.490583469291,127089.10242203358,0.012878163119734554,0.2708910242203353
2024-07-15,129.19723258918162,0,0.0,968.490583469291,125126.30317291421,-0.015444276587943562,0.25126303172914155
2024-07-16,128.48745526298916,0,0.0,968.490583469291,124438.89051613679,-0.005493750229537908,0.24438890516136724
2024-07-17,128.5584364869502,0,0.0,968.490583469291,124507.63516314619,0.0005524369971821042,0.24507635163146135
2024-07-18,128.68311322198994,0,0.0,968.490583469291,124628.38340700987,0.0009698059376475054,0.24628383407009813
2024-07-19,128.1682965183642,0,0.0,968.490583469291,124129.78827733564,-0.004000654714792606,0.24129788277335584
2024-07-22,129.03067681477899,0,0.0,968.490583469291,124964.99547378281,0.006728499323475079,0.24964995473782747
2024-07-23,127.71763428734116,0,0.0,968.490583469291,123693.32615026456,-0.01017620429382593,0.23693326150264493
2024-07-24,127.59964939450512,0,0.0,968.490583469291,123579.05889256122,-0.0009237948502130999,0.23579058892561156
2024-07-25,127.81694602350366,-1,123789.50863156593,0.0,123789.50863156593,0.00170295631711892,0.2378950863156586
2024-07-26,128.5383945033682,0,123789.50863156593,0.0,123789.50863156593,0.0,0.2378950863156586
2024-07-29,129.51736203996248,0,123789.50863156593,0.0,123789.50863156593,0.0,0.2378950863156586
2024-07-30,128.125513951243,0,123789.50863156593,0.0,123789.50863156593,0.0,0.2378950863156586
2024-07-31,126.22398504236475,0,123789.50863156593,0.0,123789.50863156593,0.0,0.2378950863156586
2024-08-01,127.89983163544886,0,123789.50863156593,0.0,123789.50863156593,0.0,0.2378950863156586
2024-08-02,128.38881061308948,0,123789.50863156593,0.0,123789.50863156593,0.0,0.2378950863156586
2024-08-05,127.49203205651196,0,123789.50863156593,0.0,123789.50863156593,0.0,0.2378950863156586
2024-08-06,129.53337324641862,0,123789.50863156593,0.0,123789.50863156593,0.0,0.2378950863156586
2024-08-07,129.74797718883184,0,123789.50863156593,0.0,123789.50863156593,0.0,0.2378950863156586
2024-08-08,131.3429654187939,1,0.0,942.4905874239752,123789.50863156593,0.0,0.2378950863156586
2024-08-09,131.49731767719308,0,0.0,942.4905874239752,123934.98418225478,0.0011751848141010601,0.23934984182254704
2024-08-12,134.27289458133993,0,0.0,942.4905874239752,126550.93928908456,0.02110747924882017,0.26550939289084496
2024-08-13,136.6969779875476,0,0.0,942.4905874239752,128835.61508256594,0.01805340842443237,0.2883561508256589
2024-08-14,136.42500000929803,0,0.0,942.4905874239752,128579.27839807911,-0.0019896414847909716,0.28579278398079055
2024-08-15,137.8186781792325,0,0.0,942.4905874239752,129892.80695514064,0.010215709509543647,0.2989280695514056
2024-08-16,138.77703612132703,0,0.0,942.4905874239752,130796.05029494774,0.006953759495851308,0.3079605029494765
2024-08-19,140.74577095035224,0,0.0,942.4905874239752,132651.56434043773,0.01418631557532346,0.32651564340437655
2024-08-20,139.45805487215313,0,0.0,942.4905874239752,131437.90405746058,-0.00914923460580086,0.314379040574605
2024-08-21,140.48453792112502,0,0.0,942.4905874239752,132405.35466926685,0.007360514599984214,0.3240535466926675
2024-08-22,142.04170293968025,0,0.0,942.4905874239752,133872.968042321,0.011084244868495574,0.33872968042320917
2024-08-23,139.6145802743621,0,0.0,942.4905874239752,131585.4277757353,-0.017087394864230943,0.3158542777573521
2024-08-26,138.0323861584803,0,0.0,942.4905874239752,130094.22471403908,-0.011332585126657913,0.30094224714039
2024-08-27,135.28660151728573,0,0.0,942.4905874239752,127506.34853461989,-0.01989232177760103,0.27506348534619796
2024-08-28,134.98977346746904,0,0.0,942.4905874239752,127226.59089158423,-0.0021940683444455766,0.27226590891584146
2024-08-29,136.0258770198351,0,0.0,942.4905874239752,128203.10873728579,0.00767542255795961,0.2820310873728571
2024-08-30,138.13748431442798,0,0.0,942.4905874239752,130193.27873677538,0.015523570520960206,0.30193278736775286
2024-09-02,138.30890572226537,0,0.0,942.4905874239752,130354.84180014509,0.0012409478041977007,0.3035484180014498
2024-09-03,140.63058051462886,0,0.0,942.4905874239752,132542.99843900718,0.016786155455712715,0.32542998439007054
2024-09-04,138.7600511125077,0,0.0,942.4905874239752,130780.04208400821,-0.013301014582148829,0.30780042084008086
2024-09-05,136.46581679457327,-1,128617.74783400993,0.0,128617.74783400993,-0.016533824393551555,0.2861774783400981
2024-09-06,136.45824608196065,0,128617.74783400993,0.0,128617.74783400993,0.0,0.2861774783400981
2024-09-09,137.05056418043105,0,128617.74783400993,0.0,128617.74783400993,0.0,0.2861774783400981
2024-09-10,137.07428112580092,0,128617.74783400993,0.0,128617.74783400993,0.0,0.2861774783400981
2024-09-11,134.30888687004202,0,128617.74783400993,0.0,128617.74783400993,0.0,0.2861774783400981
2024-09-12,134.25634518042926,0,128617.74783400993,0.0,128617.74783400993,0.0,0.2861774783400981
2024-09-13,132.57214027764826,0,128617.74783400993,0.0,128617.74783400993,0.0,0.2861774783400981
2024-09-16,133.52622557862293,0,128617.74783400993,0.0,128617.74783400993,0.0,0.2861774783400981
2024-09-17,134.0824934924628,0,128617.74783400993,0.0,128617.74783400993,0.0,0.2861774783400981
2024-09-18,132.8893204858697,0,128617.74783400993,0.0,128617.74783400993,0.0,0.2861774783400981
2024-09-19,132.2728908914622,0,128617.74783400993,0.0,128617.74783400993,0.0,0.2861774783400981
2024-09-20,130.93797499079213,0,128617.74783400993,0.0,128617.74783400993,0.0,0.2861774783400981
2024-09-23,130.92137323757552,0,128617.74783400993,0.0,128617.74783400993,0.0,0.2861774783400981
2024-09-24,132.2373193665678,0,128617.74783400993,0.0,128617.74783400993,0.0,0.2861774783400981
2024-09-25,130.9999403262789,0,128617.74783400993,0.0,128617.74783400993,0.0,0.2861774783400981
2024-09-26,131.72574093098712,0,128617.74783400993,0.0,128617.74783400993,0.0,0.2861774783400981
2024-09-27,131.09311802480852,0,128617.74783400993,0.0,128617.74783400993,0.0,0.2861774783400981
2024-09-30,130.11926286603662,0,128617.74783400993,0.0,128617.74783400993,0.0,0.2861774783400981
2024-10-01,130.04505538205387,0,128617.74783400993,0.0,128617.74783400993,0.0,0.2861774783400981
2024-10-02,128.76379645821618,0,128617.74783400993,0.0,128617.74783400993,0.0,0.2861774783400981
2024-10-03,128.11527849181573,0,128617.74783400993,0.0,128617.74783400993,0.0,0.2861774783400981
2024-10-04,126.64467153297953,0,128617.74783400993,0.0,128617.74783400993,0.0,0.2861774783400981
2024-10-07,129.19621355985387,0,128617.74783400993,0.0,128617.74783400993,0.0,0.2861774783400981
2024-10-08,129.306370840548,0,128617.74783400993,0.0,128617.74783400993,0.0,0.2861774783400981
2024-10-09,128.46623436573748,0,128617.74783400993,0.0,128617.74783400993,0.0,0.2861774783400981
2024-10-10,128.80535941653974,0,128617.74783400993,0.0,128617.74783400993,0.0,0.2861774783400981
2024-10-11,128.72507754811815,0,128617.74783400993,0.0,128617.74783400993,0.0,0.2861774783400981
2024-10-14,128.5049967985353,0,128617.74783400993,0.0,128617.74783400993,0.0,0.2861774783400981
2024-10-15,129.35848419516307,0,128617.74783400993,0.0,128617.74783400993,0.0,0.2861774783400981
2024-10-16,130.4030639286393,0,128617.74783400993,0.0,128617.74783400993,0.0,0.2861774783400981
2024-10-17,129.77647570994293,0,128617.74783400993,0.0,128617.74783400993,0.0,0.2861774783400981
2024-10-18,129.09408732859424,0,128617.74783400993,0.0,128617.74783400993,0.0,0.2861774783400981
2024-10-21,128.8035588941388,0,128617.74783400993,0.0,128617.74783400993,0.0,0.2861774783400981
2024-10-22,125.90300429046903,0,128617.74783400993,0.0,128617.74783400993,0.0,0.2861774783400981
2024-10-23,124.05828472456561,0,128617.74783400993,0.0,128617.74783400993,0.0,0.2861774783400981
2024-10-24,125.81603463746104,0,128617.74783400993,0.0,128617.74783400993,0.0,0.2861774783400981
2024-10-25,127.94857580297361,0,128617.74783400993,0.0,128617.74783400993,0.0,0.2861774783400981
2024-10-28,127.69391202502658,0,128617.74783400993,0.0,128617.74783400993,0.0,0.2861774783400981
2024-10-29,128.49398712221767,0,128617.74783400993,0.0,128617.74783400993,0.0,0.2861774783400981
2024-10-30,128.95817184927583,0,128617.74783400993,0.0,128617.74783400993,0.0,0.2861774783400981
2024-10-31,132.99311933920254,0,128617.74783400993,0.0,128617.74783400993,0.0,0.2861774783400981
2024-11-01,134.5485734969281,0,128617.74783400993,0.0,128617.74783400993,0.0,0.2861774783400981
2024-11-04,134.44373648908757,0,128617.74783400993,0.0,128617.74783400993,0.0,0.2861774783400981
2024-11-05,133.2262940853246,1,0.0,965.4081329593756,128617.74783400993,0.0,0.2861774783400981
2024-11-06,131.15269833341802,0,0.0,965.4081329593756,126615.8816306493,-0.015564463202575984,0.26615881630649163
2024-11-07,131.48512273115188,0,0.0,965.4081329593756,126936.8068478157,0.0025346363586722376,0.2693680684781554
2024-11-08,130.5563765868024,0,0.0,965.4081329593756,126040.18776660605,-0.00706350745284301,0.26040187766605905
2024-11-11,128.76481186597368,0,0.0,965.4081329593756,124310.5966143949,-0.013722537095976928,0.24310596614394764
2024-11-12,127.99663591393538,0,0.0,965.4081329593756,123568.99330275331,-0.0059657288424253,0.23568993302753172
2024-11-13,126.6762891714716,0,0.0,965.4081329593756,122294.31981925237,-0.010315480036143798,0.22294319819252228
2024-11-14,128.87683573243416,0,0.0,965.4081329593756,124418.74536616141,0.0173714163507257,0.24418745366161265
2024-11-15,130.07750357161595,0,0.0,965.4081329593756,125577.87986309027,0.009316397569494539,0.25577879863090125
2024-11-18,130.1321717106084,0,0.0,965.4081329593756,125630.65692908732,0.0004202735868337193,0.2563065692908717
2024-11-19,132.12312124450514,-1,127552.73580142292,0.0,127552.73580142292,0.01529944138890027,0.2755273580142277
2024-11-20,132.29140422804545,0,127552.73580142292,0.0,127552.73580142292,0.0,0.2755273580142277
2024-11-21,131.21814496582803,0,127552.73580142292,0.0,127552.73580142292,0.0,0.2755273580142277
2024-11-22,133.28236919803206,0,127552.73580142292,0.0,127552.73580142292,0.0,0.2755273580142277
2024-11-25,134.06728245670016,0,127552.73580142292,0.0,127552.73580142292,0.0,0.2755273580142277
2024-11-26,132.7437083664364,0,127552.73580142292,0.0,127552.73580142292,0.0,0.2755273580142277
2024-11-27,132.5574176008758,1,0.0,962.2451772972695,127552.73580142292,0.0,0.2755273580142277
2024-11-28,131.4629993649475,0,0.0,962.2451772972695,126499.63713195475,-0.008256182533847523,0.264996371319546
2024-11-29,129.7108608630938,0,0.0,962.2451772972695,124813.65030858916,-0.013327997309643624,0.2481365030858902
2024-12-02,130.97706916354934,0,0.0,962.2451772972695,126032.05313915627,0.009761775475316536,0.2603205313915613
2024-12-03,133.54345565193998,0,0.0,962.2451772972695,128501.54616069102,0.01959416640470102,0.2850154616069087
2024-12-04,131.74253191206037,0,0.0,962.2451772972695,126768.61597731171,-0.013485675738191372,0.2676861597731157
2024-12-05,132.55007310431856,0,0.0,962.2451772972695,127545.66859503103,0.006129692366905637,0.2754566859503089
2024-12-06,131.75392093985195,0,0.0,962.2451772972695,126779.57501437826,-0.006006425691218009,0.2677957501437811
2024-12-09,131.17799110731858,0,0.0,962.2451772972695,126225.3893105614,-0.004371253837647138,0.2622538931056124
2024-12-10,130.46648965361388,0,0.0,962.2451772972695,125540.75046809406,-0.005423939242388598,0.2554075046809392
2024-12-11,129.40450447030818,-1,124518.860347097,0.0,124518.860347097,-0.008139907696798176,0.2451886034709687
2024-12-12,129.53199589474627,0,124518.860347097,0.0,124518.860347097,0.0,0.2451886034709687
2024-12-13,128.5204156220167,0,124518.860347097,0.0,124518.860347097,0.0,0.2451886034709687
2024-12-16,128.93226806639808,0,124518.860347097,0.0,124518.860347097,0.0,0.2451886034709687
2024-12-17,128.93196106648483,0,124518.860347097,0.0,124518.860347097,0.0,0.2451886034709687
2024-12-18,128.68834664426313,0,124518.860347097,0.0,124518.860347097,0.0,0.2451886034709687
2024-12-19,127.58476214615982,0,124518.860347097,0.0,124518.860347097,0.0,0.2451886034709687
2024-12-20,126.91268219700005,0,124518.860347097,0.0,124518.860347097,0.0,0.2451886034709687
2024-12-23,127.9348258038748,0,124518.860347097,0.0,124518.860347097,0.0,0.2451886034709687
2024-12-24,128.63964074818568,0,124518.860347097,0.0,124518.860347097,0.0,0.2451886034709687
2024-12-25,127.44643701353586,0,124518.860347097,0.0,124518.860347097,0.0,0.2451886034709687
2024-12-26,127.63675571611557,0,124518.860347097,0.0,124518.860347097,0.0,0.2451886034709687
2024-12-27,128.65962024111403,0,124518.860347097,0.0,124518.860347097,0.0,0.2451886034709687
2024-12-30,126.57609955625873,0,124518.860347097,0.0,124518.860347097,0.0,0.2451886034709687
2024-12-31,127.32715174409277,0,124518.860347097,0.0,124518.860347097,0.0,0.2451886034709687
